jobId,timestamp,status
"997d2c90-e338-422b-937f-227bad78a3f2","2024-08-20 18:09:42","applied"
"0ed09c12-5218-42b1-a348-1aa5834e2c59","2024-08-20 18:09:42","applied"
"f9cd4329-a95d-468e-8eb0-9a0b7dc2699e","2024-08-20 18:09:42","applied"
"099f4ca2-4008-4dfb-9109-86f306023147","2024-08-20 18:09:42","applied"
"675b6126-1867-408c-af16-2f36aa964d14","2024-08-20 18:09:42","applied"
"35243b15-57d2-4bda-ab99-234aa7478b82","2024-08-20 18:09:42","applied"
"8fb38df1-16ee-490d-b4c7-66732268c941","2024-08-20 18:09:42","no longer available"
"c78f0a29-87f9-413b-b737-2bbdb52219f5","2024-08-20 18:09:42","no longer available"
"69553c95-e1a4-43c4-858f-6e121f430cbe","2024-08-20 18:09:42","no longer available"
"360b84dd-6aeb-4bb3-bfb9-5774060e2827","2024-08-20 18:09:42","no longer available"
"30d6bdd4-e101-4ab3-a657-66a12dc9ff25","2024-08-20 18:09:42","no longer available"
"099226b2-cb55-41ca-951c-506cbceeb700","2024-08-20 18:09:42","applied"
"d45733a3-abc9-4c2a-931f-b4103bd37723","2024-08-20 18:09:42","no longer available"
"3fb3e078-33b9-4f9c-b2fa-854f42dbffe4","2024-08-20 18:09:42","no longer available"
"911a0337-b316-419a-abab-087170799486","2024-08-20 18:09:42","no longer available"
"c7ea2d73-1454-467b-ab81-d84f59d77f88","2024-08-20 18:09:42","no longer available"
"36f59e59-aa7d-434a-afa6-5e4bcde3862e","2024-08-20 18:09:42","no longer available"
"dac39817-82da-46b8-bff0-92d9f095bc58","2024-08-20 18:09:42","no longer available"
"4d830eb8-a7e1-4fe1-9fd2-fbe269b55b0b","2024-08-20 18:09:42","applied"
"ad7223de-149c-4e82-9f16-12ce211a7f98","2024-08-20 18:09:42","no longer available"
"a5477adb-4f51-45ba-a436-aa80183a92e1","2024-08-20 19:30:59","already applied"
"ebd68f3b-a097-4769-aa1c-a7c95fe70c64","2024-08-20 19:30:59","applied"
"2784d3f2-742e-415b-8acc-d7d03427ca49","2024-08-20 19:30:59","applied"
"dc7de9e5-51aa-4b97-83d5-78c38c8fe581","2024-08-20 19:30:59","applied"
"ef649c87-97c7-4968-a67e-66d084eec37b","2024-08-20 19:30:59","applied"
"be839d85-2973-438f-a4f9-bce6b0dcefda","2024-08-20 19:30:59","already applied"
"091f247a-1895-45d9-b53c-1d4fb10fd16c","2024-08-20 19:30:59","already applied"
"2c8ecfc7-5b20-40ad-958f-52e492e7f0dc","2024-08-20 19:30:59","no longer available"
"244dcf38-1a72-400d-b532-78681571dd5e","2024-08-20 19:30:59","no longer available"
"026cad55-e4d9-4797-a2ff-8afebad33e45","2024-08-20 19:30:59","no longer available"
"239eb449-2baa-416d-8d29-188b35fc16f1","2024-08-20 19:30:59","no longer available"
"f92c69f7-0aea-47ac-b801-bcf9ff89e4bf","2024-08-20 19:30:59","no longer available"
"7ffb6721-0843-4e42-a635-e94d8b7927ac","2024-08-20 19:30:59","already applied"
"c116a4b1-4575-4a57-9073-310676d4ef48","2024-08-20 19:30:59","applied"
"f7aee251-b978-421f-8733-19eca4b2a12b","2024-08-20 19:30:59","applied"
"64c0184e-07bd-4e78-8c70-cb9ac64ca10e","2024-08-20 19:30:59","applied"
"49ff0c35-8a29-4872-9398-da30331ea9c7","2024-08-20 19:30:59","applied"
jobId,timestamp,status
"997d2c90-e338-422b-937f-227bad78a3f2","2024-08-20 22:31:25","already applied"
jobId,timestamp,status
"0ed09c12-5218-42b1-a348-1aa5834e2c59","2024-08-20 22:31:25","already applied"
jobId,timestamp,status
"f9cd4329-a95d-468e-8eb0-9a0b7dc2699e","2024-08-20 22:31:25","already applied"
jobId,timestamp,status
"099f4ca2-4008-4dfb-9109-86f306023147","2024-08-20 22:31:25","already applied"
jobId,timestamp,status
"675b6126-1867-408c-af16-2f36aa964d14","2024-08-20 22:31:25","already applied"
jobId,timestamp,status
"35243b15-57d2-4bda-ab99-234aa7478b82","2024-08-20 22:31:25","already applied"
jobId,timestamp,status
"8fb38df1-16ee-490d-b4c7-66732268c941","2024-08-20 22:31:25","no longer available"
jobId,timestamp,status
"c78f0a29-87f9-413b-b737-2bbdb52219f5","2024-08-20 22:31:25","no longer available"
jobId,timestamp,status
"69553c95-e1a4-43c4-858f-6e121f430cbe","2024-08-20 22:31:25","no longer available"
jobId,timestamp,status
"360b84dd-6aeb-4bb3-bfb9-5774060e2827","2024-08-20 22:31:25","no longer available"
jobId,timestamp,status
"30d6bdd4-e101-4ab3-a657-66a12dc9ff25","2024-08-20 22:31:25","no longer available"
jobId,timestamp,status
"099226b2-cb55-41ca-951c-506cbceeb700","2024-08-20 22:31:25","already applied"
jobId,timestamp,status
"d45733a3-abc9-4c2a-931f-b4103bd37723","2024-08-20 22:31:25","no longer available"
jobId,timestamp,status
"3fb3e078-33b9-4f9c-b2fa-854f42dbffe4","2024-08-20 22:31:25","no longer available"
jobId,timestamp,status
"911a0337-b316-419a-abab-087170799486","2024-08-20 22:31:25","no longer available"
jobId,timestamp,status
"c7ea2d73-1454-467b-ab81-d84f59d77f88","2024-08-20 22:31:25","no longer available"
jobId,timestamp,status
"36f59e59-aa7d-434a-afa6-5e4bcde3862e","2024-08-20 22:31:25","no longer available"
jobId,timestamp,status
"dac39817-82da-46b8-bff0-92d9f095bc58","2024-08-20 22:31:25","no longer available"
jobId,timestamp,status
"4d830eb8-a7e1-4fe1-9fd2-fbe269b55b0b","2024-08-20 22:31:25","already applied"
jobId,timestamp,status
"ad7223de-149c-4e82-9f16-12ce211a7f98","2024-08-20 22:31:25","no longer available"
jobId,timestamp,status
"a5477adb-4f51-45ba-a436-aa80183a92e1","2024-08-20 22:34:10","already applied"
jobId,timestamp,status
"ebd68f3b-a097-4769-aa1c-a7c95fe70c64","2024-08-20 22:34:10","already applied"
jobId,timestamp,status
"2784d3f2-742e-415b-8acc-d7d03427ca49","2024-08-20 22:34:10","already applied"
jobId,timestamp,status
"dc7de9e5-51aa-4b97-83d5-78c38c8fe581","2024-08-20 22:34:10","already applied"
jobId,timestamp,status
"ef649c87-97c7-4968-a67e-66d084eec37b","2024-08-20 22:34:10","already applied"
jobId,timestamp,status
"be839d85-2973-438f-a4f9-bce6b0dcefda","2024-08-20 22:34:10","already applied"
jobId,timestamp,status
"091f247a-1895-45d9-b53c-1d4fb10fd16c","2024-08-20 22:34:10","already applied"
jobId,timestamp,status
"2c8ecfc7-5b20-40ad-958f-52e492e7f0dc","2024-08-20 22:34:10","no longer available"
jobId,timestamp,status
"244dcf38-1a72-400d-b532-78681571dd5e","2024-08-20 22:34:10","no longer available"
jobId,timestamp,status
"026cad55-e4d9-4797-a2ff-8afebad33e45","2024-08-20 22:34:10","no longer available"
jobId,timestamp,status
"239eb449-2baa-416d-8d29-188b35fc16f1","2024-08-20 22:34:10","no longer available"
jobId,timestamp,status
"f92c69f7-0aea-47ac-b801-bcf9ff89e4bf","2024-08-20 22:34:10","no longer available"
jobId,timestamp,status
"7ffb6721-0843-4e42-a635-e94d8b7927ac","2024-08-20 22:34:10","already applied"
jobId,timestamp,status
"c116a4b1-4575-4a57-9073-310676d4ef48","2024-08-20 22:34:10","already applied"
jobId,timestamp,status
"f7aee251-b978-421f-8733-19eca4b2a12b","2024-08-20 22:34:10","already applied"
jobId,timestamp,status
"64c0184e-07bd-4e78-8c70-cb9ac64ca10e","2024-08-20 22:34:10","already applied"
jobId,timestamp,status
"49ff0c35-8a29-4872-9398-da30331ea9c7","2024-08-20 22:34:10","already applied"
jobId,timestamp,status
"8b995daf-c243-488a-84f6-b481a4206fbe","2024-08-20 22:34:10","applied"
jobId,timestamp,status
"a1dd4f24-3ff0-4457-a88c-8d55486440c1","2024-08-20 22:34:10","no longer available"
jobId,timestamp,status
"20d10e79-36ac-4997-a9f2-51a45c51f7db","2024-08-20 22:34:10","applied"
jobId,timestamp,status
"89355052-24e6-4970-bb71-c81f4ac81828","2024-08-20 22:39:58","applied"
jobId,timestamp,status
"dfd43692-120b-446e-8394-2b694c75da8c","2024-08-20 22:39:58","already applied"
jobId,timestamp,status
"49698f5c-0313-4006-928f-758ce4032c33","2024-08-20 22:39:58","applied"
jobId,timestamp,status
"e8823c58-f012-41a5-9550-e8820f0fa323","2024-08-20 22:39:58","applied"
jobId,timestamp,status
"512cde47-cc25-46e7-ab8b-c8c07724c370","2024-08-20 22:39:58","no longer available"
jobId,timestamp,status
"bd7a04d7-d9a5-4e25-8e3f-0deabdff36c7","2024-08-20 22:39:58","no longer available"
jobId,timestamp,status
"7ac19667-f8f9-4b5e-ba59-f4384130eb1e","2024-08-20 22:39:58","fail"
jobId,timestamp,status
"15bef507-0750-4321-9489-18d44765f4a6","2024-08-20 22:39:58","applied"
jobId,timestamp,status
"f35c67e6-a5b2-4990-a650-5e45eca83906","2024-08-20 22:39:58","applied"
jobId,timestamp,status
"07942f6f-416a-4220-9149-198c15a42096","2024-08-20 22:39:58","fail"
jobId,timestamp,status
"5ae25178-9a3f-43c1-91c9-188bf59d5d6f","2024-08-20 22:39:58","applied"
jobId,timestamp,status
"8381cdc5-546c-417c-a699-df7e7d5f14a1","2024-08-20 22:39:58","applied"
jobId,timestamp,status
"2732716a-e216-438e-bafc-ed371f12fa08","2024-08-20 22:39:58","applied"
jobId,timestamp,status
"9105c965-cd15-4e0c-86ab-bd84e7259199","2024-08-20 22:39:58","no longer available"
jobId,timestamp,status
"3fe42fb6-3696-4792-9e14-43c76b9301fd","2024-08-20 22:39:58","no longer available"
jobId,timestamp,status
"ebe91f6e-2173-47b5-a5d7-461a5a071e3b","2024-08-20 22:39:58","applied"
jobId,timestamp,status
"a561e1cb-800c-4e51-b1fc-7ff8d54b3bdc","2024-08-20 22:39:58","applied"
jobId,timestamp,status
"dd0dba7d-03a8-4150-989a-6ce252d416b3","2024-08-20 22:39:58","no longer available"
jobId,timestamp,status
"45b6e8e7-3230-4277-97a9-4518a8102836","2024-08-20 22:39:58","fail"
jobId,timestamp,status
"b6b28a0e-f7b1-4d8d-8127-12d4b91ce721","2024-08-20 22:39:58","no longer available"
jobId,timestamp,status
"064ecfd4-873e-4313-a7f8-b63119c73ebd","2024-08-20 22:56:23","no longer available"
jobId,timestamp,status
"14d759c0-8f43-4a9e-b070-e82af36d6eb5","2024-08-20 22:56:23","fail"
jobId,timestamp,status
"06938962-c1d9-44ce-8863-7b00a1e37122","2024-08-20 22:56:23","no longer available"
jobId,timestamp,status
"25906ad2-1702-43e1-95d4-30246452761d","2024-08-20 22:56:23","fail"
jobId,timestamp,status
"a8b2ccff-3683-437d-9ef2-2d8b77db1e16","2024-08-20 22:56:23","fail"
jobId,timestamp,status
"6ee50859-75e2-4c62-aed8-4b9a88845c81","2024-08-20 22:56:23","no longer available"
jobId,timestamp,status
"95783b3f-e5e6-4a04-a168-25bbf2bf51a1","2024-08-20 22:56:23","no longer available"
jobId,timestamp,status
"e3fb5ba0-bfa6-46a5-b13e-af44fca84c40","2024-08-20 22:56:23","fail"
jobId,timestamp,status
"0142d28a-4571-469c-9659-be678a0793c1","2024-08-20 22:56:23","fail"
jobId,timestamp,status
"760e9eef-a868-4a3f-a1bf-4df614000cb4","2024-08-20 22:56:23","fail"
jobId,timestamp,status
"997d2c90-e338-422b-937f-227bad78a3f2","2024-08-20 23:13:39","already applied"
jobId,timestamp,status
"0ed09c12-5218-42b1-a348-1aa5834e2c59","2024-08-20 23:13:39","already applied"
jobId,timestamp,status
"f9cd4329-a95d-468e-8eb0-9a0b7dc2699e","2024-08-20 23:13:39","already applied"
jobId,timestamp,status
"099f4ca2-4008-4dfb-9109-86f306023147","2024-08-20 23:13:39","already applied"
jobId,timestamp,status
"675b6126-1867-408c-af16-2f36aa964d14","2024-08-20 23:13:39","already applied"
jobId,timestamp,status
"35243b15-57d2-4bda-ab99-234aa7478b82","2024-08-20 23:13:39","already applied"
jobId,timestamp,status
"8fb38df1-16ee-490d-b4c7-66732268c941","2024-08-20 23:13:39","no longer available"
jobId,timestamp,status
"c78f0a29-87f9-413b-b737-2bbdb52219f5","2024-08-20 23:13:39","no longer available"
jobId,timestamp,status
"69553c95-e1a4-43c4-858f-6e121f430cbe","2024-08-20 23:13:39","no longer available"
jobId,timestamp,status
"360b84dd-6aeb-4bb3-bfb9-5774060e2827","2024-08-20 23:13:39","no longer available"
jobId,timestamp,status
"30d6bdd4-e101-4ab3-a657-66a12dc9ff25","2024-08-20 23:13:39","no longer available"
jobId,timestamp,status
"099226b2-cb55-41ca-951c-506cbceeb700","2024-08-20 23:13:39","already applied"
jobId,timestamp,status
"d45733a3-abc9-4c2a-931f-b4103bd37723","2024-08-20 23:13:39","no longer available"
jobId,timestamp,status
"3fb3e078-33b9-4f9c-b2fa-854f42dbffe4","2024-08-20 23:13:39","no longer available"
jobId,timestamp,status
"911a0337-b316-419a-abab-087170799486","2024-08-20 23:13:39","no longer available"
jobId,timestamp,status
"c7ea2d73-1454-467b-ab81-d84f59d77f88","2024-08-20 23:13:39","no longer available"
jobId,timestamp,status
"36f59e59-aa7d-434a-afa6-5e4bcde3862e","2024-08-20 23:13:39","no longer available"
jobId,timestamp,status
"dac39817-82da-46b8-bff0-92d9f095bc58","2024-08-20 23:13:39","no longer available"
jobId,timestamp,status
"4d830eb8-a7e1-4fe1-9fd2-fbe269b55b0b","2024-08-20 23:13:39","already applied"
jobId,timestamp,status
"ad7223de-149c-4e82-9f16-12ce211a7f98","2024-08-20 23:13:39","no longer available"
jobId,timestamp,status
"a5477adb-4f51-45ba-a436-aa80183a92e1","2024-08-20 23:16:24","already applied"
jobId,timestamp,status
"ebd68f3b-a097-4769-aa1c-a7c95fe70c64","2024-08-20 23:16:24","already applied"
jobId,timestamp,status
"997d2c90-e338-422b-937f-227bad78a3f2","2024-08-20 23:31:24","already applied"
jobId,timestamp,status
"0ed09c12-5218-42b1-a348-1aa5834e2c59","2024-08-20 23:31:24","already applied"
jobId,timestamp,status
"f9cd4329-a95d-468e-8eb0-9a0b7dc2699e","2024-08-20 23:31:24","already applied"
jobId,timestamp,status
"099f4ca2-4008-4dfb-9109-86f306023147","2024-08-20 23:31:24","already applied"
jobId,timestamp,status
"675b6126-1867-408c-af16-2f36aa964d14","2024-08-20 23:31:24","already applied"
jobId,timestamp,status
"35243b15-57d2-4bda-ab99-234aa7478b82","2024-08-20 23:31:24","already applied"
jobId,timestamp,status
"8fb38df1-16ee-490d-b4c7-66732268c941","2024-08-20 23:31:24","no longer available"
jobId,timestamp,status
"c78f0a29-87f9-413b-b737-2bbdb52219f5","2024-08-20 23:31:24","no longer available"
jobId,timestamp,status
"69553c95-e1a4-43c4-858f-6e121f430cbe","2024-08-20 23:31:24","no longer available"
jobId,timestamp,status
"360b84dd-6aeb-4bb3-bfb9-5774060e2827","2024-08-20 23:31:24","no longer available"
jobId,timestamp,status
"30d6bdd4-e101-4ab3-a657-66a12dc9ff25","2024-08-20 23:31:24","no longer available"
jobId,timestamp,status
"099226b2-cb55-41ca-951c-506cbceeb700","2024-08-20 23:31:24","already applied"
jobId,timestamp,status
"d45733a3-abc9-4c2a-931f-b4103bd37723","2024-08-20 23:31:24","no longer available"
jobId,timestamp,status
"3fb3e078-33b9-4f9c-b2fa-854f42dbffe4","2024-08-20 23:31:24","no longer available"
jobId,timestamp,status
"911a0337-b316-419a-abab-087170799486","2024-08-20 23:31:24","no longer available"
jobId,timestamp,status
"c7ea2d73-1454-467b-ab81-d84f59d77f88","2024-08-20 23:31:24","no longer available"
jobId,timestamp,status
"36f59e59-aa7d-434a-afa6-5e4bcde3862e","2024-08-20 23:31:24","no longer available"
jobId,timestamp,status
"dac39817-82da-46b8-bff0-92d9f095bc58","2024-08-20 23:31:24","no longer available"
jobId,timestamp,status
"4d830eb8-a7e1-4fe1-9fd2-fbe269b55b0b","2024-08-20 23:31:24","already applied"
jobId,timestamp,status
"ad7223de-149c-4e82-9f16-12ce211a7f98","2024-08-20 23:31:24","no longer available"
jobId,timestamp,status
"997d2c90-e338-422b-937f-227bad78a3f2","2024-08-20 23:34:43","already applied"
jobId,timestamp,status
"0ed09c12-5218-42b1-a348-1aa5834e2c59","2024-08-20 23:34:43","already applied"
jobId,timestamp,status
"f9cd4329-a95d-468e-8eb0-9a0b7dc2699e","2024-08-20 23:34:43","already applied"
jobId,timestamp,status
"099f4ca2-4008-4dfb-9109-86f306023147","2024-08-20 23:34:43","already applied"
jobId,timestamp,status
"675b6126-1867-408c-af16-2f36aa964d14","2024-08-20 23:34:43","already applied"
jobId,timestamp,status
"35243b15-57d2-4bda-ab99-234aa7478b82","2024-08-20 23:34:43","already applied"
jobId,timestamp,status
"8fb38df1-16ee-490d-b4c7-66732268c941","2024-08-20 23:34:43","no longer available"
jobId,timestamp,status
"c78f0a29-87f9-413b-b737-2bbdb52219f5","2024-08-20 23:34:43","no longer available"
jobId,timestamp,status
"69553c95-e1a4-43c4-858f-6e121f430cbe","2024-08-20 23:34:43","no longer available"
jobId,timestamp,status
"360b84dd-6aeb-4bb3-bfb9-5774060e2827","2024-08-20 23:34:43","no longer available"
jobId,timestamp,status
"30d6bdd4-e101-4ab3-a657-66a12dc9ff25","2024-08-20 23:34:43","no longer available"
jobId,timestamp,status
"099226b2-cb55-41ca-951c-506cbceeb700","2024-08-20 23:34:43","already applied"
jobId,timestamp,status
"d45733a3-abc9-4c2a-931f-b4103bd37723","2024-08-20 23:34:43","no longer available"
jobId,timestamp,status
"3fb3e078-33b9-4f9c-b2fa-854f42dbffe4","2024-08-20 23:34:43","no longer available"
jobId,timestamp,status
"911a0337-b316-419a-abab-087170799486","2024-08-20 23:34:43","no longer available"
jobId,timestamp,status
"c7ea2d73-1454-467b-ab81-d84f59d77f88","2024-08-20 23:34:43","no longer available"
jobId,timestamp,status
"36f59e59-aa7d-434a-afa6-5e4bcde3862e","2024-08-20 23:34:43","no longer available"
jobId,timestamp,status
"dac39817-82da-46b8-bff0-92d9f095bc58","2024-08-20 23:34:43","no longer available"
jobId,timestamp,status
"4d830eb8-a7e1-4fe1-9fd2-fbe269b55b0b","2024-08-20 23:34:43","already applied"
jobId,timestamp,status
"ad7223de-149c-4e82-9f16-12ce211a7f98","2024-08-20 23:34:43","no longer available"
jobId,timestamp,status
"a5477adb-4f51-45ba-a436-aa80183a92e1","2024-08-20 23:37:27","already applied"
jobId,timestamp,status
"ebd68f3b-a097-4769-aa1c-a7c95fe70c64","2024-08-20 23:37:27","already applied"
jobId,timestamp,status
"2784d3f2-742e-415b-8acc-d7d03427ca49","2024-08-20 23:37:27","already applied"
jobId,timestamp,status
"dc7de9e5-51aa-4b97-83d5-78c38c8fe581","2024-08-20 23:37:27","already applied"
jobId,timestamp,status
"ef649c87-97c7-4968-a67e-66d084eec37b","2024-08-20 23:37:27","already applied"
jobId,timestamp,status
"be839d85-2973-438f-a4f9-bce6b0dcefda","2024-08-20 23:37:27","already applied"
jobId,timestamp,status
"091f247a-1895-45d9-b53c-1d4fb10fd16c","2024-08-20 23:37:27","already applied"
jobId,timestamp,status
"2c8ecfc7-5b20-40ad-958f-52e492e7f0dc","2024-08-20 23:37:27","no longer available"
jobId,timestamp,status
"244dcf38-1a72-400d-b532-78681571dd5e","2024-08-20 23:37:27","no longer available"
jobId,timestamp,status
"026cad55-e4d9-4797-a2ff-8afebad33e45","2024-08-20 23:37:27","no longer available"
jobId,timestamp,status
"239eb449-2baa-416d-8d29-188b35fc16f1","2024-08-20 23:37:27","no longer available"
jobId,timestamp,status
"f92c69f7-0aea-47ac-b801-bcf9ff89e4bf","2024-08-20 23:37:27","no longer available"
jobId,timestamp,status
"7ffb6721-0843-4e42-a635-e94d8b7927ac","2024-08-20 23:37:27","already applied"
jobId,timestamp,status
"c116a4b1-4575-4a57-9073-310676d4ef48","2024-08-20 23:37:27","already applied"
jobId,timestamp,status
"f7aee251-b978-421f-8733-19eca4b2a12b","2024-08-20 23:37:27","already applied"
jobId,timestamp,status
"64c0184e-07bd-4e78-8c70-cb9ac64ca10e","2024-08-20 23:37:27","already applied"
jobId,timestamp,status
"49ff0c35-8a29-4872-9398-da30331ea9c7","2024-08-20 23:37:27","already applied"
jobId,timestamp,status
"8b995daf-c243-488a-84f6-b481a4206fbe","2024-08-20 23:37:27","already applied"
jobId,timestamp,status
"a1dd4f24-3ff0-4457-a88c-8d55486440c1","2024-08-20 23:37:27","no longer available"
jobId,timestamp,status
"20d10e79-36ac-4997-a9f2-51a45c51f7db","2024-08-20 23:37:27","already applied"
jobId,timestamp,status
"89355052-24e6-4970-bb71-c81f4ac81828","2024-08-20 23:41:54","fail"
jobId,timestamp,status
"dfd43692-120b-446e-8394-2b694c75da8c","2024-08-20 23:41:54","already applied"
jobId,timestamp,status
"49698f5c-0313-4006-928f-758ce4032c33","2024-08-20 23:41:54","fail"
jobId,timestamp,status
"e8823c58-f012-41a5-9550-e8820f0fa323","2024-08-20 23:41:54","already applied"
jobId,timestamp,status
"512cde47-cc25-46e7-ab8b-c8c07724c370","2024-08-20 23:41:54","no longer available"
jobId,timestamp,status
"bd7a04d7-d9a5-4e25-8e3f-0deabdff36c7","2024-08-20 23:41:54","no longer available"
jobId,timestamp,status
"7ac19667-f8f9-4b5e-ba59-f4384130eb1e","2024-08-20 23:41:54","fail"
jobId,timestamp,status
"15bef507-0750-4321-9489-18d44765f4a6","2024-08-20 23:41:54","already applied"
jobId,timestamp,status
"f35c67e6-a5b2-4990-a650-5e45eca83906","2024-08-20 23:41:54","fail"
jobId,timestamp,status
"07942f6f-416a-4220-9149-198c15a42096","2024-08-20 23:41:54","already applied"
jobId,timestamp,status
"5ae25178-9a3f-43c1-91c9-188bf59d5d6f","2024-08-20 23:41:54","fail"
jobId,timestamp,status
"8381cdc5-546c-417c-a699-df7e7d5f14a1","2024-08-20 23:41:54","already applied"
jobId,timestamp,status
"997d2c90-e338-422b-937f-227bad78a3f2","2024-08-21 19:56:39","already applied"
jobId,timestamp,status
"0ed09c12-5218-42b1-a348-1aa5834e2c59","2024-08-21 19:56:39","already applied"
jobId,timestamp,status
"064ecfd4-873e-4313-a7f8-b63119c73ebd","2024-08-21 20:00:11","no longer available"
jobId,timestamp,status
"14d759c0-8f43-4a9e-b070-e82af36d6eb5","2024-08-21 20:00:11","applied"
jobId,timestamp,status
"06938962-c1d9-44ce-8863-7b00a1e37122","2024-08-21 20:00:11","no longer available"
jobId,timestamp,status
"064ecfd4-873e-4313-a7f8-b63119c73ebd","2024-08-21 20:01:30","no longer available"
jobId,timestamp,status
"14d759c0-8f43-4a9e-b070-e82af36d6eb5","2024-08-21 20:01:30","already applied"
jobId,timestamp,status
"06938962-c1d9-44ce-8863-7b00a1e37122","2024-08-21 20:01:30","no longer available"
jobId,timestamp,status
"25906ad2-1702-43e1-95d4-30246452761d","2024-08-21 20:01:30","applied"
jobId,timestamp,status
"a8b2ccff-3683-437d-9ef2-2d8b77db1e16","2024-08-21 20:01:30","applied"
jobId,timestamp,status
"6ee50859-75e2-4c62-aed8-4b9a88845c81","2024-08-21 20:01:30","no longer available"
jobId,timestamp,status
"95783b3f-e5e6-4a04-a168-25bbf2bf51a1","2024-08-21 20:01:30","no longer available"
jobId,timestamp,status
"e3fb5ba0-bfa6-46a5-b13e-af44fca84c40","2024-08-21 20:01:30","applied"
jobId,timestamp,status
"0142d28a-4571-469c-9659-be678a0793c1","2024-08-21 20:01:30","applied"
jobId,timestamp,status
"064ecfd4-873e-4313-a7f8-b63119c73ebd","2024-08-21 20:05:33","no longer available"
jobId,timestamp,status
"064ecfd4-873e-4313-a7f8-b63119c73ebd","2024-08-21 20:05:43","no longer available"
jobId,timestamp,status
"064ecfd4-873e-4313-a7f8-b63119c73ebd","2024-08-21 20:05:47","no longer available"
jobId,timestamp,status
"064ecfd4-873e-4313-a7f8-b63119c73ebd","2024-08-21 20:05:54","no longer available"
jobId,timestamp,status
"06938962-c1d9-44ce-8863-7b00a1e37122","2024-08-21 20:05:54","no longer available"
jobId,timestamp,status
"6ee50859-75e2-4c62-aed8-4b9a88845c81","2024-08-21 20:05:54","no longer available"
jobId,timestamp,status
"95783b3f-e5e6-4a04-a168-25bbf2bf51a1","2024-08-21 20:05:54","no longer available"
jobId,timestamp,status
"064ecfd4-873e-4313-a7f8-b63119c73ebd","2024-08-21 20:07:39","no longer available"
jobId,timestamp,status
"14d759c0-8f43-4a9e-b070-e82af36d6eb5","2024-08-21 20:07:39","already applied"
jobId,timestamp,status
"06938962-c1d9-44ce-8863-7b00a1e37122","2024-08-21 20:07:39","no longer available"
jobId,timestamp,status
"25906ad2-1702-43e1-95d4-30246452761d","2024-08-21 20:07:39","already applied"
jobId,timestamp,status
"a8b2ccff-3683-437d-9ef2-2d8b77db1e16","2024-08-21 20:07:39","already applied"
jobId,timestamp,status
"6ee50859-75e2-4c62-aed8-4b9a88845c81","2024-08-21 20:07:39","no longer available"
jobId,timestamp,status
"95783b3f-e5e6-4a04-a168-25bbf2bf51a1","2024-08-21 20:07:39","no longer available"
jobId,timestamp,status
"e3fb5ba0-bfa6-46a5-b13e-af44fca84c40","2024-08-21 20:07:39","already applied"
jobId,timestamp,status
"0142d28a-4571-469c-9659-be678a0793c1","2024-08-21 20:07:39","already applied"
jobId,timestamp,status
"760e9eef-a868-4a3f-a1bf-4df614000cb4","2024-08-21 20:07:39","applied"
jobId,timestamp,status
"8b640f44-602a-4c23-a471-a0feaf4b94ef","2024-08-21 20:07:39","no longer available"
jobId,timestamp,status
"14d759c0-8f43-4a9e-b070-e82af36d6eb5","2024-08-21 20:10:34","already applied"
jobId,timestamp,status
"25906ad2-1702-43e1-95d4-30246452761d","2024-08-21 20:10:34","already applied"
jobId,timestamp,status
"a8b2ccff-3683-437d-9ef2-2d8b77db1e16","2024-08-21 20:10:34","already applied"
jobId,timestamp,status
"e3fb5ba0-bfa6-46a5-b13e-af44fca84c40","2024-08-21 20:10:34","already applied"
jobId,timestamp,status
"0142d28a-4571-469c-9659-be678a0793c1","2024-08-21 20:10:34","already applied"
jobId,timestamp,status
"760e9eef-a868-4a3f-a1bf-4df614000cb4","2024-08-21 20:10:34","already applied"
jobId,timestamp,status
"1e660e0e-7df6-4b2a-aed2-bc9f92cd5a1b","2024-08-21 20:10:34","applied"
jobId,timestamp,status
"07ccc109-c203-44ca-a063-509d237d6368","2024-08-21 20:10:34","applied"
jobId,timestamp,status
"39a1a168-216d-4092-ad19-febe6790c82a","2024-08-21 20:10:34","already applied"
jobId,timestamp,status
"2c702ff1-1e73-41d7-90e8-d6cfce5c1f6a","2024-08-21 20:10:34","applied"
jobId,timestamp,status
"7c5e0e1f-a914-4de4-a933-9c6c6ff989a5","2024-08-21 20:10:34","applied"
jobId,timestamp,status
"f1a8ba09-d5c3-4b50-a2fa-84a6e5b3f9e2","2024-08-21 20:10:34","applied"
jobId,timestamp,status
"14d759c0-8f43-4a9e-b070-e82af36d6eb5","2024-08-21 20:23:06","already applied"
jobId,timestamp,status
"25906ad2-1702-43e1-95d4-30246452761d","2024-08-21 20:23:06","already applied"
jobId,timestamp,status
"a8b2ccff-3683-437d-9ef2-2d8b77db1e16","2024-08-21 20:23:06","already applied"
jobId,timestamp,status
"e3fb5ba0-bfa6-46a5-b13e-af44fca84c40","2024-08-21 20:23:06","already applied"
jobId,timestamp,status
"0142d28a-4571-469c-9659-be678a0793c1","2024-08-21 20:23:06","already applied"
jobId,timestamp,status
"760e9eef-a868-4a3f-a1bf-4df614000cb4","2024-08-21 20:23:06","already applied"
jobId,timestamp,status
"1e660e0e-7df6-4b2a-aed2-bc9f92cd5a1b","2024-08-21 20:23:06","already applied"
jobId,timestamp,status
"07ccc109-c203-44ca-a063-509d237d6368","2024-08-21 20:23:06","already applied"
jobId,timestamp,status
"39a1a168-216d-4092-ad19-febe6790c82a","2024-08-21 20:23:06","already applied"
"14d759c0-8f43-4a9e-b070-e82af36d6eb5","2024-08-21 20:26:02","already applied"
"25906ad2-1702-43e1-95d4-30246452761d","2024-08-21 20:26:02","already applied"
"a8b2ccff-3683-437d-9ef2-2d8b77db1e16","2024-08-21 20:26:02","already applied"
"e3fb5ba0-bfa6-46a5-b13e-af44fca84c40","2024-08-21 20:26:02","already applied"
"0142d28a-4571-469c-9659-be678a0793c1","2024-08-21 20:26:02","already applied"
"760e9eef-a868-4a3f-a1bf-4df614000cb4","2024-08-21 20:26:02","already applied"
"1e660e0e-7df6-4b2a-aed2-bc9f92cd5a1b","2024-08-21 20:26:02","already applied"
"07ccc109-c203-44ca-a063-509d237d6368","2024-08-21 20:26:02","already applied"
"39a1a168-216d-4092-ad19-febe6790c82a","2024-08-21 20:26:02","already applied"
"2c702ff1-1e73-41d7-90e8-d6cfce5c1f6a","2024-08-21 20:26:02","already applied"
"7c5e0e1f-a914-4de4-a933-9c6c6ff989a5","2024-08-21 20:26:02","already applied"
"f1a8ba09-d5c3-4b50-a2fa-84a6e5b3f9e2","2024-08-21 20:26:02","already applied"
"14d759c0-8f43-4a9e-b070-e82af36d6eb5","2024-08-21 20:30:53","already applied"
"25906ad2-1702-43e1-95d4-30246452761d","2024-08-21 20:30:53","already applied"
"a8b2ccff-3683-437d-9ef2-2d8b77db1e16","2024-08-21 20:30:53","already applied"
"e3fb5ba0-bfa6-46a5-b13e-af44fca84c40","2024-08-21 20:30:53","already applied"
"0142d28a-4571-469c-9659-be678a0793c1","2024-08-21 20:30:53","already applied"
"760e9eef-a868-4a3f-a1bf-4df614000cb4","2024-08-21 20:30:53","already applied"
"1e660e0e-7df6-4b2a-aed2-bc9f92cd5a1b","2024-08-21 20:30:53","already applied"
"07ccc109-c203-44ca-a063-509d237d6368","2024-08-21 20:30:53","already applied"
"39a1a168-216d-4092-ad19-febe6790c82a","2024-08-21 20:30:53","already applied"
"2c702ff1-1e73-41d7-90e8-d6cfce5c1f6a","2024-08-21 20:30:53","already applied"
"7c5e0e1f-a914-4de4-a933-9c6c6ff989a5","2024-08-21 20:30:53","already applied"
"f1a8ba09-d5c3-4b50-a2fa-84a6e5b3f9e2","2024-08-21 20:30:53","already applied"
"2f5b26a1-ecaa-434f-b36f-c5705496c329","2024-08-21 20:30:53","already applied"
"3b8e610e-2f7e-40e8-b9e4-fc7e68df006e","2024-08-21 20:30:53","applied"
"9ac41a5f-dc5b-4043-b442-eb1e5e3b5b59","2024-08-21 20:30:53","applied"
"11993337-1123-4103-a5e3-aa193feaf3ce","2024-08-21 20:36:43","applied"
